-- Backup generado por Gym Manager
SET FOREIGN_KEY_CHECKS=0;

-- Estructura de la tabla alembic_version
CREATE TABLE IF NOT EXISTS `alembic_version` (
  `version_num` varchar(32) NOT NULL,
  PRIMARY KEY (`version_num`)
) ENGINE=InnoDB DEFAULT CHARSET=utf8mb4 COLLATE=utf8mb4_0900_ai_ci;

-- Datos de la tabla alembic_version
INSERT INTO alembic_version (version_num) VALUES ('f49e8b902ea4');

-- Estructura de la tabla comprobantes_pago
CREATE TABLE IF NOT EXISTS `comprobantes_pago` (
  `id_comprobante` int NOT NULL AUTO_INCREMENT,
  `contenido` blob NOT NULL,
  `fecha_emision` datetime NOT NULL,
  `id_pago` int NOT NULL,
  PRIMARY KEY (`id_comprobante`),
  UNIQUE KEY `id_pago` (`id_pago`),
  CONSTRAINT `comprobantes_pago_ibfk_1` FOREIGN KEY (`id_pago`) REFERENCES `pagos` (`id_pago`)
) ENGINE=InnoDB DEFAULT CHARSET=utf8mb4 COLLATE=utf8mb4_0900_ai_ci;

-- Estructura de la tabla cuota_mensual
CREATE TABLE IF NOT EXISTS `cuota_mensual` (
  `id_cuota` int NOT NULL AUTO_INCREMENT,
  `monto` float NOT NULL,
  `fecha_actualizacion` datetime NOT NULL,
  `activo` int DEFAULT NULL,
  PRIMARY KEY (`id_cuota`)
) ENGINE=InnoDB AUTO_INCREMENT=2 DEFAULT CHARSET=utf8mb4 COLLATE=utf8mb4_0900_ai_ci;

-- Datos de la tabla cuota_mensual
INSERT INTO cuota_mensual (id_cuota, monto, fecha_actualizacion, activo) VALUES (1, 40000.0, '2025-05-13 18:07:48', 1);

-- Estructura de la tabla metodos_pago
CREATE TABLE IF NOT EXISTS `metodos_pago` (
  `id_metodo_pago` int NOT NULL AUTO_INCREMENT,
  `descripcion` varchar(50) NOT NULL,
  `estado` tinyint(1) NOT NULL,
  PRIMARY KEY (`id_metodo_pago`)
) ENGINE=InnoDB AUTO_INCREMENT=6 DEFAULT CHARSET=utf8mb4 COLLATE=utf8mb4_0900_ai_ci;

-- Datos de la tabla metodos_pago
INSERT INTO metodos_pago (id_metodo_pago, descripcion, estado) VALUES (1, 'Efectivo', 1);
INSERT INTO metodos_pago (id_metodo_pago, descripcion, estado) VALUES (2, 'Transferencia', 1);
INSERT INTO metodos_pago (id_metodo_pago, descripcion, estado) VALUES (3, 'Tarjeta de crédito', 1);
INSERT INTO metodos_pago (id_metodo_pago, descripcion, estado) VALUES (4, 'Tarjeta de débito', 1);
INSERT INTO metodos_pago (id_metodo_pago, descripcion, estado) VALUES (5, 'PRUEBA', 1);

-- Estructura de la tabla miembro_rutina
CREATE TABLE IF NOT EXISTS `miembro_rutina` (
  `id_miembro` int NOT NULL,
  `id_rutina` int NOT NULL,
  PRIMARY KEY (`id_miembro`,`id_rutina`),
  KEY `id_rutina` (`id_rutina`),
  CONSTRAINT `miembro_rutina_ibfk_1` FOREIGN KEY (`id_miembro`) REFERENCES `miembros` (`id_miembro`),
  CONSTRAINT `miembro_rutina_ibfk_2` FOREIGN KEY (`id_rutina`) REFERENCES `rutinas` (`id_rutina`)
) ENGINE=InnoDB DEFAULT CHARSET=utf8mb4 COLLATE=utf8mb4_0900_ai_ci;

-- Estructura de la tabla miembros
CREATE TABLE IF NOT EXISTS `miembros` (
  `id_miembro` int NOT NULL AUTO_INCREMENT,
  `nombre` varchar(50) NOT NULL,
  `apellido` varchar(50) NOT NULL,
  `documento` varchar(20) NOT NULL,
  `fecha_nacimiento` date NOT NULL,
  `genero` varchar(10) NOT NULL,
  `correo_electronico` varchar(100) NOT NULL,
  `estado` tinyint(1) NOT NULL,
  `tipo_membresia` varchar(20) NOT NULL,
  `direccion` varchar(200) DEFAULT NULL,
  `telefono` varchar(20) DEFAULT NULL,
  `fecha_registro` datetime NOT NULL,
  `informacion_medica` text,
  `id_rutina` int DEFAULT NULL,
  PRIMARY KEY (`id_miembro`),
  UNIQUE KEY `documento` (`documento`),
  UNIQUE KEY `correo_electronico` (`correo_electronico`),
  KEY `fk_miembro_rutina` (`id_rutina`),
  CONSTRAINT `fk_miembro_rutina` FOREIGN KEY (`id_rutina`) REFERENCES `rutinas` (`id_rutina`)
) ENGINE=InnoDB AUTO_INCREMENT=9 DEFAULT CHARSET=utf8mb4 COLLATE=utf8mb4_0900_ai_ci;

-- Datos de la tabla miembros
INSERT INTO miembros (id_miembro, nombre, apellido, documento, fecha_nacimiento, genero, correo_electronico, estado, tipo_membresia, direccion, telefono, fecha_registro, informacion_medica, id_rutina) VALUES (2, 'Facundo', 'Abba', '46123123', '2005-03-17', 'Masculino', 'facuabba2@gmail.com', 1, 'Anual', 'Belgrano 1234', '3496505608', '2025-05-08 19:13:28', 'No tiene ningún tipo de problemas físicos ni de salud.', 3);
INSERT INTO miembros (id_miembro, nombre, apellido, documento, fecha_nacimiento, genero, correo_electronico, estado, tipo_membresia, direccion, telefono, fecha_registro, informacion_medica, id_rutina) VALUES (4, 'Juan Pablo', 'Soperez', '45057101', '2003-07-12', 'Masculino', 'juanpsoperez@gmail.com', 1, 'Mensual', 'Donnet 213', '3496400943', '2025-05-14 09:49:51', 'No presenta inconvenientes', 1);
INSERT INTO miembros (id_miembro, nombre, apellido, documento, fecha_nacimiento, genero, correo_electronico, estado, tipo_membresia, direccion, telefono, fecha_registro, informacion_medica, id_rutina) VALUES (5, 'yoel', 'junges', '42053949', '1999-04-01', 'Masculino', 'yuyo@gmail.com', 1, 'Mensual', '9 de julio', '3498227323', '2025-05-16 10:43:54', 'nada', 2);
INSERT INTO miembros (id_miembro, nombre, apellido, documento, fecha_nacimiento, genero, correo_electronico, estado, tipo_membresia, direccion, telefono, fecha_registro, informacion_medica, id_rutina) VALUES (6, 'Facundo', 'Cordoba', '430239230', '1998-10-10', 'Masculino', 'fcordoba@gmail.com', 1, 'Mensual', 'paraguay 123', '3498239239', '2025-05-17 11:34:35', 'sin problemas', 1);
INSERT INTO miembros (id_miembro, nombre, apellido, documento, fecha_nacimiento, genero, correo_electronico, estado, tipo_membresia, direccion, telefono, fecha_registro, informacion_medica, id_rutina) VALUES (7, 'Tobias', 'Engler', '43010203', '2001-04-03', 'Masculino', 'tobias@gmail.com', 1, 'Anual', 'avellaneda 123', '349529392', '2025-05-19 17:29:30', 'no presenta inconvenientes', NULL);
INSERT INTO miembros (id_miembro, nombre, apellido, documento, fecha_nacimiento, genero, correo_electronico, estado, tipo_membresia, direccion, telefono, fecha_registro, informacion_medica, id_rutina) VALUES (8, 'Nicolas', 'Kappes', '34029320', '1996-05-28', 'Masculino', 'nico@gmail.com', 1, 'Mensual', 'avelneda 123', '349294203', '2025-05-28 19:26:46', 'sin problemas', 2);

-- Estructura de la tabla pagos
CREATE TABLE IF NOT EXISTS `pagos` (
  `id_pago` int NOT NULL AUTO_INCREMENT,
  `fecha_pago` datetime NOT NULL,
  `monto` float NOT NULL,
  `referencia` varchar(50) DEFAULT NULL,
  `estado` tinyint(1) NOT NULL,
  `id_miembro` int NOT NULL,
  `id_metodo_pago` int NOT NULL,
  PRIMARY KEY (`id_pago`),
  KEY `id_miembro` (`id_miembro`),
  KEY `id_metodo_pago` (`id_metodo_pago`),
  CONSTRAINT `pagos_ibfk_1` FOREIGN KEY (`id_miembro`) REFERENCES `miembros` (`id_miembro`),
  CONSTRAINT `pagos_ibfk_2` FOREIGN KEY (`id_metodo_pago`) REFERENCES `metodos_pago` (`id_metodo_pago`)
) ENGINE=InnoDB AUTO_INCREMENT=8 DEFAULT CHARSET=utf8mb4 COLLATE=utf8mb4_0900_ai_ci;

-- Datos de la tabla pagos
INSERT INTO pagos (id_pago, fecha_pago, monto, referencia, estado, id_miembro, id_metodo_pago) VALUES (1, '2025-05-14 00:00:00', 40000.0, 'pago mes de mayo', 1, 4, 1);
INSERT INTO pagos (id_pago, fecha_pago, monto, referencia, estado, id_miembro, id_metodo_pago) VALUES (2, '2025-05-14 00:00:00', 40000.0, 'pago mes de mayo', 1, 2, 1);
INSERT INTO pagos (id_pago, fecha_pago, monto, referencia, estado, id_miembro, id_metodo_pago) VALUES (3, '2025-04-01 00:00:00', 30000.0, 'pago mes de abril', 1, 4, 1);
INSERT INTO pagos (id_pago, fecha_pago, monto, referencia, estado, id_miembro, id_metodo_pago) VALUES (4, '2025-04-01 00:00:00', 40000.0, 'pago mes de abril', 1, 5, 1);
INSERT INTO pagos (id_pago, fecha_pago, monto, referencia, estado, id_miembro, id_metodo_pago) VALUES (5, '2025-05-17 00:00:00', 40000.0, 'pago mes de mayo', 1, 6, 2);
INSERT INTO pagos (id_pago, fecha_pago, monto, referencia, estado, id_miembro, id_metodo_pago) VALUES (6, '2025-03-10 00:00:00', 40000.0, 'pago mes de marzo', 1, 4, 1);
INSERT INTO pagos (id_pago, fecha_pago, monto, referencia, estado, id_miembro, id_metodo_pago) VALUES (7, '2025-05-21 00:00:00', 40000.0, 'pago mes de mayo', 1, 5, 1);

-- Estructura de la tabla rutinas
CREATE TABLE IF NOT EXISTS `rutinas` (
  `id_rutina` int NOT NULL AUTO_INCREMENT,
  `nombre` varchar(100) NOT NULL,
  `descripcion` text,
  `documento_rutina` longblob,
  `nivel_dificultad` varchar(20) NOT NULL,
  `fecha_creacion` datetime NOT NULL,
  `fecha_horario` datetime NOT NULL,
  PRIMARY KEY (`id_rutina`)
) ENGINE=InnoDB AUTO_INCREMENT=5 DEFAULT CHARSET=utf8mb4 COLLATE=utf8mb4_0900_ai_ci;

-- Datos de la tabla rutinas
INSERT INTO rutinas (id_rutina, nombre, descripcion, documento_rutina, nivel_dificultad, fecha_creacion, fecha_horario) VALUES (1, 'Rutina de piernas', 'Realizar ésta rutina durante 4 semanas.', 'b''%PDF-1.3\n3 0 obj\n<</Type /Page\n/Parent 1 0 R\n/Resources 2 0 R\n/Contents 4 0 R>>\nendobj\n4 0 obj\n<</Filter /FlateDecode /Length 593>>\nstream\nx\x9c\xadS\xcbj\xdb@\x14\xdd\xe7+N\xe8B\x0e\xa47\xd2\xe8e\x1b\nMR\x87\xa6P\x08\x8d\xda\x957Si\x94L\x90f\xc4HvjB>6\x1f\xd0U\x7f\xa0#\xc9O,\xe8\xa6Z\x8e\xeey\xdd\x07\xc3\x97\x13\x97\xc2\x18\xcf\''W\t.n<x\x8c\\\x17I\x8eY\xd2?1x\xd1\xc1\xd38\xa2q\x8cx\x12\xb4\xb8$\xc3\xe8\xabT\x12\x9fD\xcd\xf3\xdf\x1a\xef\xd8\x14\xd7Fp\x95i4\x0b\xdc\x19Y\n\xc3qyw\x8bo\xb3\xfb\x04\xa9V\xb8\xe1uc\x1f\xce\x90<me\x8e\x94}\x8f\xbc\t\xe2\xc0\xa3\x89\xf7_d\\\xf2\xfd\x00\xc9\xf3\x8e<\x1a\x87\xc4XG>S\x10u#\x90\xf5\xfc\xe7X\xf2R\xd7\xe0\xc8\xb8\x81(Pu\x02\xa8x\xad!\xb6\xd4\xe7(8rmJ\x8e\xf2\xad\x86y\xabd\xc6\xb1B-T*\x0b\xfb/\x13\x10\xbf*\xad\x84\xd9\xba8t\x101\n\x83\xceA-\xccR\xa6\xd2\x8aZ\xfe\xbbU\xf3\xa8\x15\xeduh]\xef\x864\x0e\xbb\xfau\''\xa6G5a\x1cS\xe8v5\x1e\xe1V\xd5\r\xb7N\xd6\x8e\xad\xb9\xefVF\x1b\x85y/\x99i\xd3\xdal\x83\x1b\xa3\x8bB\xcf\xcf\x8e)\x83\ty\xbd,\x80\xf7\xb8\xfci\x04\x16\x8a\xa3\x11\xa6\x94\x8a\x17\xad\xe7\x1f\xf7\xb8\xd6\x96i\x05\xf1$\xd2E\xc3\x07\xac1\x97\xc6\xde\x86\x07\xa8d\x05\xd9\x19,\x90[\x83\xbc\x92X\xf4\xf6\x8e\xb0A\x14\x90\xd7c\x19u\xb3\xb7\x0e\xc0M\xfa(\x97\x1a\xb6\xd9%\xb7\xbb\xe0X\n\xaaV\x8eu\x91\xeaJ\xf2~\xaa\xe9\x9fL>\x0c\xb4*pc\n\xd8\xceOnt\xb95"\xcbJ\x9bf`Y{\xac\x1f\xba\x14\xfb;,\xaf*|\xd8T\xcfG\x03]d\xf6d\xdc=\xc4G\x0b\xa1\x07\xd1\xccG\xce\x853T\x1f\x85\x14Mv\xf5\x99\xc8\xf1\xa8K\xd1\x92\x1fga~L~\xb0\xabn?#\x9a\x85\x9d\xf4\x8bS\nU\xf3\''\xe1L\xe1\\I\xa1\x96B\xd9\xb9\xdb\xed\xb6\xa7S\xed\x9d\xce\xde\xd5\x9c:\xafG\x12\xde\xd8\xa5(\x1c\x0eP\xf3b\x91\xe9\x8b\x17\xa5K\xbb\x1c\xafCy\xbc\x90\x91\xef\x1e\xe6\xe9a\xf3Q\x0f\x9b\xa2n\xccP8\x8f\xf94\x89\xfe\x19.w>\xeb\x82\x9fc\xe3\xe2\x14\x07i\xd7\xd1h Z\x14\x13\xeb\xf9}\xc2\xac\xdf\xdf\xf6\xb87]Y\x1f\xcd\xd6\xd9_8Ju\xdf\nendstream\nendobj\n5 0 obj\n<</Type /Page\n/Parent 1 0 R\n/Resources 2 0 R\n/Contents 6 0 R>>\nendobj\n6 0 obj\n<</Filter /FlateDecode /Length 564>>\nstream\nx\x9c\x85S\xcbn\xdb0\x10\xbc\xe7+\xf6\xd8\x021-\xeam_\x82\xa4H\x82\x16(\xe0\xb6>\xf4J\x8bk\x99\x05M*|8M\xff6\xc7\x1er\xca\x0ft)\xc7\t\x02\''\xa8t\x10Aqgvg\x869|9\xc9X\xd5\xc0\xed\xc9\xc5\x12\xa6W\x1cx\xce\xb2\x0c\x96k\xb8\\\xa6\xad\x823>\x83f\xd6\xb2\x9av%|\x80\xf4\xc4\x9d\xea\xac3 \x065\x17\xc3\x00\x93\x89Cm\x85\xfc\x08\xcb_\xaf\x0bK\xcef|,,\x19\x9c\xaf\x1c\x02\x1a\x08\x11\x8c\xd8a/\xa4u\xf3\xe3\x1a^\xb0\xaa>\x90M`!\x9c\x80\xc1\xd9\x95p\x80\x9aVj\x8b\xb42r\xb0\xca\x849lB\x18\xe6\xd3)\xcf\x1b\x96\xd1\xcb\xe7m\x96e\xd3#\xd8\xba\xadX\x9e\xbf\x0b\xeb\xb1\x8fF\xda\xff\xe2z\xa1\xa3\xb4\xd3k\xb1r\n\xf51K\xde\xb2j\xcfraM\xf4\xc7\xe3\xd5\x19a\xb5\xe3\tj\xc2E\\\t\xd0\x02\xa4\xed\xe2\x16M\x10\x9dz$ac\xb0\xdb\xfb\xa0:\x01=\x1atBR\xaf\xd6\xc1\x95\xf0\xe1|\xf19\x89\xf8v{\x04\xe3\x0f\x94\x9c\xd5u\x05\xcb\xdb\x17\xee\xaa\xe1\xac-\x9e\xb8\xbfZ\xa9\xd6\x89\x81\xa6\xef\x1e\xa5\xea-\xdc\x81\xe8\x1d\xf9\x02\xd1\x80\x89\xb8{\x91\x03n"\x82\xc4]D\xbd\x1b\xfb]c\xb7\x11 \xba\x10\x85\x86\xe8E\xd2\x8e\xb6\xb5"\x8f\xdd\x838\xf4\x90\xbd\xe6/g\x8cW#\xbf\x14\x01\x039\xc9\x8e\x04*g9+\xf7\xfe\x7f\x8b\x8a&\xd5\x16:\xbb\x1d4\x06\xf1\xe4\xbe=\x83O6\xa9E\x7f}\xf4\xe0\xd0G\x1d(N>)C\xf3\xf4.\x0e\xf6\r\xe8\xa2bM3B/H\xcd\x9b\xf8\x17\xd0\x874\x98\x17\xeb\x07{v((\xe8\x0e\xf0W\x9d\x97Y\xc3\xca\xfc\xe0\x9auI\x8eg3<t\x9a\xf2\x0cC\x8a\x14\xfe\x1e,9F\x81rtK\xd4\xbe\xa5\xc5]\xd8XsJ\x02\x13\x9fM\x15\xd1\x90\xe7H\x92y\x18\x14\xfe\xa1\x0f\xbc\xadY\xd1\x96\xac)G\xe65%T\x8c!\xd1\x840\xb2\x915\xd8;\x8a\xf0\x9e\x81\x842pM\x89\xf9\x19\xfd\xf1\xf8EU\xb32{w\x88\xf5}\xa7\xf4)\xb8\xfbA\xc9\x94\x05\xa4t\xa8$\xf2\x9e\xaasH<t\xd6\xc3\xf7\xcb\x1f\xcbg\xf8\x7fu\xc1C9\nendstream\nendobj\n1 0 obj\n<</Type /Pages\n/Kids [3 0 R 5 0 R ]\n/Count 2\n/MediaBox [0 0 595.28 841.89]\n>>\nendobj\n7 0 obj\n<</Type /Font\n/BaseFont /Helvetica\n/Subtype /Type1\n/Encoding /WinAnsiEncoding\n>>\nendobj\n8 0 obj\n<</Type /Font\n/BaseFont /Helvetica-Bold\n/Subtype /Type1\n/Encoding /WinAnsiEncoding\n>>\nendobj\n2 0 obj\n<<\n/ProcSet [/PDF /Text /ImageB /ImageC /ImageI]\n/Font <<\n/F1 7 0 R\n/F2 8 0 R\n>>\n/XObject <<\n>>\n>>\nendobj\n9 0 obj\n<<\n/Producer (PyFPDF 1.7.2 http://pyfpdf.googlecode.com/)\n/CreationDate (D:20250316013345)\n>>\nendobj\n10 0 obj\n<<\n/Type /Catalog\n/Pages 1 0 R\n/OpenAction [3 0 R /FitH null]\n/PageLayout /OneColumn\n>>\nendobj\nxref\n0 11\n0000000000 65535 f \n0000001462 00000 n \n0000001752 00000 n \n0000000009 00000 n \n0000000087 00000 n \n0000000750 00000 n \n0000000828 00000 n \n0000001555 00000 n \n0000001651 00000 n \n0000001866 00000 n \n0000001975 00000 n \ntrailer\n<<\n/Size 11\n/Root 10 0 R\n/Info 9 0 R\n>>\nstartxref\n2079\n%%EOF\n''', 'Medio', '2025-05-19 20:51:21', '2025-05-19 20:51:21');
INSERT INTO rutinas (id_rutina, nombre, descripcion, documento_rutina, nivel_dificultad, fecha_creacion, fecha_horario) VALUES (2, 'Rutina de pecho', '2 dias a la semana', 'b''%PDF-1.4\n%\xe2\xe3\xcf\xd3\n2 0 obj\n<</ColorSpace/DeviceGray/Subtype/Image/Height 128/Filter/FlateDecode/Type/XObject/Width 128/Length 1134/BitsPerComponent 8>>stream\nx\x9c\xed\xdbyHTA\x1c\x07\xf0\xd9\n\x0f\x8a\xacD\xa3\xa0\xec0\xd3l\xcdN\xad\xec$(\x10\xca\x0e\x13#*\xecD\xa2\x9b\xe8\xbf\xee\xcb\xcc\xec\x96\x12\x12\xa1\xfc\xcb\x8e?\xea\x8f@\x92D:\xa0\xa2\xe3\x8f\xa0S\xbb\xf3h3\xc5\xd8\xeaM\xfb\xf6\x98y\xef\xcd\xdb\xd9}o\xdf\xcc\xfa\xc7|\xffr\xde\xfcf>\xb3\xbe\xdd\xd1\xb7\xbb\x0f\x00o\xa2\xb2\xcb\xea\xdetBFq6\xde\xab\xcc\xeb\r\xfc\xa6_I;+Z\xb1\x88\xca\xc1~\xf8\xcd\x0e\xf6\xba\x9c\xce\x03=t\xf4\xe8+|t95\xb1$\x7f\x9f\x1f\x0f\xe1\xebx\xad\xcf\xf1\xd1\xcb\xa9\x8f\xd0\x9c{\xbe<\x84\xe7\xd4\xcf|NO=\x9c\x7fv\xa5_\xc2\x9b\x87\xf0\x96\x82\x8f\xe2\xf0\xba\''\x92\x88\xfd\xec0\xf0p;\xf6\xcb\xc2\xe1\xd7b\xbf.\x1c~\x13\xf6\xdf\x84\xc3\x97\xf0\x16\xc0\xec/\x1e5\t\xc8\x0f\x0b\x0f\x93\x85\xdf\xd5\xfc_\xd7\x99\xe7\x0b\xcd\x7f\t\x98\xe7\xba\xf0\x85/|\xe1\x0b_\xf8\xc2\x17\xbe\xf0\xfd\xfaY\x15\xbed\xa3c\x9b*\x0c&\xd7\xbc\xbf\nu\xec\xd2\x19\x1fd\x8e\x08_\xf8\xc2\x17\xbeq?.\xd3\x97\x81\xe8XR\xa6\xc1\x0c2\xef\xb3\x88\xf0\x85/|\xe1\x07\xe3/s\xf8\xb2\x05\x1d\xbb\xec0\x98\xdd\xa4\xff\xe3q\xf5\x8d\''\xcd#\x03\xfa,\xf6\xffk\x0f6\xf6\xd7\xfeNx\xfa}\xb48g_/\xc2\x17~W\xf4Y\xec?F|V\x19\xb4\xb2hsF\xd8|\xdb\xd6\x0e\xd9\xaa\x8c\t\x8fo+\xf7b\xcf\xe2\xc2\xe1\xdb. \r-\x80\xa3oS~\xd6\xee[\x00G\xff\xac\xea\xb5\xe9]\x00?\xff\xb4fs\xf0,\x80\x9b_J\xecN\xee\x05p\xf3\xf7\x10\xbe{\x01\xfe\xfcP\xaf?\''\xd9\xb4\x0b\xd8K.\xe0i4\xab\xfd_\xda@\xfe\x06\xf6\x91e\xa5\x8c|i\xbd\xde)\xd8O\xd6\xc53\xf1\xd5|\x7ft*\x0e\x10\x95sY\xf8\xd2:\xe5LC\xde\x97\xa3\x05\x1c\xd4\x96\xe61\xf0\xa5\xb5\xca\x89\x866@x\x11-\xe0\x90\xa66\xd9z_Z\xa3\x9cgX\x83|\xec\x02Z\xc0aU\xed\xc3n\x96\xfb\x1a\xbe\xd1s\xb4\x0c-\xe0\x88\xa2\xf6w\xaa\xe5\xcf\x7fi\xb5r\x96\xe1\x8d\xbe\xe3\xe7\xd1\x02\x8aP\xads\xbe\xe5\xff\xffI\x05\xcaI\x12?\xe0\x1e\xfc\xad\xc3c>~\x01\xb0\xfc\xf3\x87e*\xfe\xa3rig\xd0\xf1b\x0f\x9f\x03(\xbe\x05\x19\xa1\xe2!<\x8dz\x8e\xcb\xfcB\xc0\xd6O\xfa\xa4=9\''Q_\t\xfc\xb3\x08\xb0\xf5\x93>\x93\xcf\x8eR\xd4{l1`\xeb\x8f\xd4\xe1!<A\xd41\xf2\x93\xbf\xe8\xf1\x10\x1e\xe7\xe3\xa7\xf8\xe1!,\xe6\xe1\xa7|\xf5\xc7CX\xc4\xde\x1fE\xe1!<\xca\xdaO\xfdF\xe3a\xc7p\xb6\xfe\xe8\xeft~\x96\xaa\xdar\xdfN\xe7\xdbg\xaa\xcb\xad\xf6\xedMt~\x86\xa6\xdeb?-\x00?];\xc0Z\x7fL3\x95\xff5\x8d\x18\xe1\xf4\xf55X\xc0\xa7\x07\xe0\xb3\xc8!\xe8\x1f\x14\xa8\xf7\xee\xa8\xb1\x8cm\xa1\xf2mSu\xc6\xdcC\xdd+B\xe5\xd3\x03\xf0S\xf4\x06U\xa2\xfe\x96\x81z\xfd\xc1\xa7\''\xfd\xab\xecm\x93uG\xe1\x0b\x00\xf8uq\xb7P\xfc\xe5T\xfeg\xa6\xfe\xa8\xdeNEQ[\xad\xd1\xaf\x14W\xe1\xcb\xdc*3\xbc\xf2\x04\x98\t\xbe\x95\xa4{\xab\xabY\x95\xb6\xba\xec\x91\x93,sd\xf8\xe3\xc1\xe0\x90\xee\x00(D\xf3L\x97\x9b\xf9\xf2OQ\x19\x1b_j\xf8I\x94\xf3F^\x94\x1a\x08\xbe\x91\xe0\xa8\xab\xf5\xb7\xaf\xb7\xa1\xbe\xd4\xff1\x91\xc2\x83\x1e5\xe6\xf9\xe7x\x9a\x17\xae\xe6]_#G\xc5O\xa0\xf1\x00\xc4\xbe6\xed\x1fF\x93$\xc8\xcd\x9d\xe8\xa4*jZ\xc7\xd3y\x00\xe2\xeb\xcd\xfaxC-\x94\x9b\xa3P\x13o\xc4\xad\xe3\x02\xf1\x00D\x9c\xfbg\x8ao\xe9\x8e\xa6\xb8\xe9j\xbe\xc33\xdeF%A\xf0\xae\xd8o\x99\xf1/\xa3\xf1\xd1\xf2\xab\x08_`\xa1\xab\xec\x96\xb1A\xf1\xae$n\xafm\x92\x0c\xfa\xf9h\xb4\xfb6\xaeyx6\xef\xb6\xda\x9c\x1e,\xefNDB\xb2\xa1D\xa2\x91\xe7]X;j\xc6\xe4^\xf5\xf0c\x0c\xf1!D~\x97\xa5s\xb6\xfb\xc7\x94\x1dw\xfex\x1e}S\x1a/\xde\xee\xf6:fG\xce=\x85\xff\n\xf2\xe3\xc1.\x8f\xd8\xa9\xbc\x99\xf0\xad=\xf08\xabB\xdcE\xd7V]\xd0\x8b\x1f\xdf\xef\xaf\n\x7fU:\''"\xf0 \x0b\xb3\x14\xdb\xce\x9amI\\m9\xeb\xbc\xf8\xb7KK(\xf7\x98\xb3\xcb\x00\x07\x84\xd2\xa3}\xe4{\xfe\xbc\xd2\xa7\xb0`\x80\xb9\x91\xff\x01J\x91\xdbt\nendstream\nendobj\n3 0 obj\n<</ColorSpace[/CalRGB<</Gamma[2.2 2.2 2.2]/WhitePoint[0.95043 1 1.09]/Matrix[0.41239 0.21264 0.01933 0.35758 0.71517 0.11919 0.18045 0.07218 0.9504]>>]/Intent/Perceptual/Subtype/Image/Height 128/Filter/FlateDecode/Type/XObject/Width 128/SMask 2 0 R/Length 1112/BitsPerComponent 8>>stream\nx\x9c\xed\x9dA\x8e\xa30\x10Es\x98^E\xea(@B\xc4.\x97\xe8\xfb_e\xac\xb6&B$\x94\x8br\xb9?\xc6\xff\xadfA\xcc\xaf\x07\x98\xc2!=\xa7\xd3*\xcf\xe7s\x18\x86\xbe\xef\x07\xb2B\xff\xcb\xe3\xf1X\xb7ha\x9a&j\xdfD\xd4\xe5"\x1f]J\xc5\x84\xa3\x10&\x8d\x9c\xd3\x1e]\xc1\x11\x18\xc7\x91\xf2\xb1\\.\x97\xad\xfe\xd1\x91\x0fE\x98\x88\xce\xe73\xe5c\xe1\xcc\x03G\xe3\x9f\xadf!\x82\xd8\xa4\xfc\xf8\x90E\n\x91<\x04\xe8\x80\xc7\x87\x93\x0f\x10\x9e\xffp\xe8\x1f\x8b\xfc \x80Nw|\xba\xae\xa3\x7f,\xf4\x8f\x85\xfe\xb1\xd0?\x16\xfa\xc7b\xf6/|\x90\xbc\xa0\x7f,\xf4\x8f\x85\xfe\xb1\xd0?\x16\xfa\xc7B\xffX\xe8\x1f\x0b\xfdc\xa1\x7f,\xf4\x8f\x85\xfe\xb1\xd0?\x16\xfa\xc7B\xffX\xe8\x1f\x0b\xfdc\xa1\x7f,\xf4\x8fe\x0f\xfe\xcbe@\xb1\x87\xda\xf5\x19\x92\xef\xf1\xe6\xe4\x87\xa0\xaf=g(\xaf\x0c\xf4o\x1b\xca+\x03\xfd\xdb\x86\xf2\xca@\xff\xb6\xa1\xbc2\xd0\xbfm(\xaf\x0c\xf4o\x1b\xca+\x03\xfd\xdb\x86\xf2\xca@\xff\xb6\xa1\xbc2\xd0\xbfm(\xaf\x0c]\xd7\xf5\xeb\xc8\xbf\xc1\x19\xc7Q\xf8,\x84\xfb\xfd\xae\xaf}\x0f\xfe[\x86\xfe\xb1\xd0?\x16\xfa\xc7B\xffX\xe8\x1f\x0b\xfdc\xa1\x7f,\xf4\x8fe\x0f\xfe\xe5qz\xf1\xcf\xe0$\xf3\xff=r\xe0d\xfe\xdb\xed\xd6\xff_\x90\t\xff6\xd7\xae\xcf\xd07\xbf\xfe\x13<\x1b\xfe\x10\xb4W\x86\x96\xfd_\xafW\xfd\xc6\x9bj\xd7\x8f\xd3\xb2\xff\x1c\xbc2\xd0\xbf\r\xaf\x0c\xf4o\xc3+\x03\xfd\xdb\xf0\xca@\xff6\xbc2\xd0\xbf\r\xaf\x0c\xf28\xc7~\xfe\xcaA\x8e\xf17\x19\x8e\xc4\xfd~\x1f~\x9f\xc5\x94\x02\xe9\xdf\x91\x97\xf6\xf9u$k\xa4\x7f/\x04\x8d\xc2\xeb\x1f\xf4\xef\x82\xacQ8\x04\xf4\x9fO\xb2\xf7\x13\x0e\x01\xfdg\xa21/\x1c\x02\xfa\xcfAy\xe6\x0b\x87\x80\xfe\xcdl5\xff\xf1\x10\xd0\xbf\x99\xf7n\xd3p\x08\xbc\xfc\xd7\xfe\xfe\xad\xfc-\xe1\x1af\xff\x81i\x9a\x1c\xfd\xf7\xf5\xaf\xff\x18\xfcg\x86\xa7\xff\x88\xed\xe4\xcf\xcf\x7f\xb9\\\xe4\rZ\xf0\xaf\x94/\x7f\xb7\x9e,\xff#9\xd2\x8e\xe1\xbf\xd7\xads^\xaf\xd7d\x15\x86\xdbq\xe3\xfe\x95\xf2C{\x80*\xe4\xd8\xfe5u\xc5\xf5d\xfd\x07\xf5{\x8fG??a\xa5\xfe\xcd\xf2\x07\xa7\xaf\x93\xe2O\xcc\xf2CV\xe7_y\xc3M\x8e#|6y/xe0\xef\xa2R\xffJ\xf9\xca~\xc6V\xd4<\x83y\xfc\xad\x0es>\xeb\x88\xa6\x16}3i{\xb7V_\xbb&\xed\xc1x\xb5\x9aJ6\xdd\x0b\xde7\xa6\xff9\x8bVS\x8f0\xe6\xebj\xfax\xa4\xe8\xff\x85Y~\xd2\xd5\xb0>S\xd1\x7f$g19Rb\x05\xd5\xbd\xcc}\x92i>\xc7\x18\xfd\xdb\x96\xce\xbc\xa45\xee\xdf]\xfe\xb0q"j\xd9\x7f\xd7u\xee\xf2#\xca\x95\xbdS\xc3\xfe\xd7\xd6v\x1c\xd1\xc4h\xd3\x7f~\xb7\xe3"\xff\xd4\xa4\xff\xd2\xe69\xff\x0b\x94\x96\xbf\xe9\x0f\x97%\xf3\x14\x92\x80\xa2D\xb73G~\xcd\xe6#\xed\xf8/\xd7\xedD\xf4=\xcf\x9cF\xfc\xef\xa4\xdbyG\x1e3\xe7\x97\xf5\xfb\xa1t\xb7\x93\xf3\xfaP\xb9\x91wB\xe93\x7f\xeb\rwA\xf2\x96d\xb8\xa7\xec\x87\xe4\x0bf\x99\xe4\xcb\xd1\xb4\x04\xf5^\x05E\x1b\x1e\xdb\rw\xc1\xe3\xf1\xd0\xef\xae\\-6\x92\x06\xcaev\x91_:did\t???\x8b\x8d\xe3{\xe6.\xf5z\xc9?\xa1_\x7f\xcdD\xa8k\xd1\xf0/f\xd1\xe7\xf39\xcc~(\xad\xa7\xc4l\\\xe9% \xdf\xfe\x16E}\x7f\x7f\x7f\xdcl\xd3\x1e3\xbb\x9d5\xe2\xc9P\x1drQ\xca\x8d\xf5\xbb+\xda\nf~\xfb\x0fA(G\x9e|\xe6(\xf7\xe5x\xc3]#t\xcbuMDB-\x8b-\xe5S7s_\x8e\x9c\xcf\xe7\x02\x9e\x8a\x10\xda\x1b\xbdR\xb9\xea\xe4\xbe\\\x1d\xa7\x19v\xd9\xed/\x10\xf2O\xd34\xdf29u\x08{\x01>{\xc6C\xb0\xcf\x03\xb1\xe9\xc5W\xf3cZ\xa1n\xc7@\x98\x97J\xaf\x9fo\xe2\xeb\xebKH\xab\xdfX\xd8E\xd5\x0b_X\x16&\xdf\xcf\xff\xe4E\xfd\x07\xdd\xceQY\xf3\x19\xae\x02\xe5\\J\xf99h\x0c\xcb\xa0+\xa8\x1b\x9b\xf3\xdb/\xe16\x87\x8e_7\x8b\xceSChr\xa8\xdd\x0b}\xb7<\x8e#:\xec\x01\x91\xfd\xdb\xfe\x8b\x04\xa2gM;:WC\xc4\x1f0\xc6/V\xd0Y\xd2\xfc\x03c\x07W\xb6\nendstream\nendobj\n6 0 obj\n<</Filter/FlateDecode/Length 650>>stream\nx\x9c\x95V\xdb\x8e\x9b0\x10}\xe7+\xe6a\x1f\xda\x87\x05\xdb\xf8F\xde\x9al\xb7R\xb5\x91\xba\xda\xa8\xef\x0ea\x13\xdaM\xac@\xd2\xdb\x8f\xf6+\xfa\x0f\x1dC\xb2\x1bb D\x11"\xf2\x9cs\xe60\x83\xc7l\x83-p\r\x04\x7fx\xe3\x82\x80R\x04\xd25D\xf9zI\xe1\xce\xc2c\xf0\x18l\x83\xf1,\x88%h"a\xb6\x08>\xcep\rW\xa2{\n\x8c\xc0\xec9\xa0\x95\x02\x85\n\x83+\xeb\xe0\xdd\xfb\xd97\x07<\xc0(?\x83)]\xc3\xbed\x8b|aG\xf0a>7\x97(\xf2@)\xec\x8f,[\xd8b\x04\x0fy\xb9305\xbfm\xe1\xfe]\x12\xe0\xb5\xc0}\x96\xae\xcc\x08h\x12\x11\x111\xd1d\xe9S\x12\xc7\xa2(!*\xd64/\xa1v[\x1e\x18\xdb\x80\x84J\xb0\x84\xc3\xf9\xbdX\xbarI\xcd!\x89q\t\xa8\x84"\x0b\x9e\xfb\xf0\x94%\x0e\xe98L\xd3\x90\r"qJ+\x06\x1d\x06w\x9e\xa4\xbe\xde\x13r\xae\xf4\x84\x8c\x81\x9e\x0e9\x84bW\xe6p\x8c\xd3\x1c\xee5e\xf09 \xf0\t\xa9\x02~\xb6\xb5\xe0\xe9\x10\xea\xaa\xf61\xee\x17\xf6\xe9D\xf4\xac\x86\xe7\xa2\xe7\xe5j\x886*s**X\xaf\xa8`=\xa2\x82u\x88\xe2\xd5\''\x8a\xe1nQ\x0c\xb6\x8b\xe2\x9e\xef\x13\xc5p\xb7(\x06\xdbEI\x7f\xa3H_\xa3HG\xa3\x84\xeem\x94\x0bw\x8a\xba`\xbb\xa8\xeam\x94\xf7"7DU\xb3Q\xd5\x18=\x0e\x1b\x11\x87\xcc\xbdu\xd2\x8d\x9bj\x8017\x8b\xdc\xbc[\xec\xd3\xdd\xeb\xd89\xa10\xceC|\xf8n\x8eO\xe1B\x84T\xb6R\xb24o!\xc4\x1a\xa4"5\x98\x1d\xc1\x13\xb3\xcb\x96\xb6\xf8g|<\x8di\xd51\x8f\xf3``\xb2_\xcf\x8b,\xba\xb3\x9b|c\xcah\\\xecS[\xf8\x12*\t\x05>\x15^\x95B|T\xa0\xdd\xd9<\xec8\xff\x93\xc2d\x95\x9b\xa8\xccJ\xb3\x06\xaa\xc8\x12\xfe\xe2y\xb5\x87\x1b\xcdIKaT\x1c&mJT\xe2\x99\x16\xe2\xb1v\xd3\xe9\x14k4\xd8\xa9\x87uNm\xba\xb2x\x8e\xed\xb2\xc2\xd6N\x7f\xd5N\x15\xedq\xeag\xe5\xec\x92S\xc6\x86;\xf5\xb0\xd3\x10&\xd6~\xc7\x83p\xb2\n\x81\x8a7\x9fI_E\xfd\x9c\xfabE\x89\x1c\xee\xd3\xc3\xbe\xf9\xfc\xda\xb4\xa9Y\x8fM?\xa5\xe4\x17l\x8a\x84\x0c\xb6\xe9c\xa7fa^\xb2\x8dAo\x95E\xca\xd0"\xe5I\xb7\xc7\x96|\nk\xd9\xe1\xf1\x98X\xf1\xb3\xad>\xb3;\xf3\xd2\x9d\xc4\xc3\xe3~i&\xd96\x86\x90\x96\xa1\x8e\xdd\x07V\xd3\xda-\xc6n\x0f\x84\xc7\xe0?\x17\x984\x15\nendstream\nendobj\n8 0 obj\n<</Contents 6 0 R/Type/Page/ArtBox[36 54 559 788]/Resources<</Font<</F1 1 0 R/F2 4 0 R/F3 5 0 R>>/XObject<</img1 3 0 R/img0 2 0 R>>>>/Parent 7 0 R/MediaBox[0 0 595 842]>>\nendobj\n1 0 obj\n<</Subtype/Type1/Type/Font/BaseFont/Helvetica-Bold/Encoding/WinAnsiEncoding>>\nendobj\n4 0 obj\n<</Subtype/Type1/Type/Font/BaseFont/Helvetica-Oblique/Encoding/WinAnsiEncoding>>\nendobj\n5 0 obj\n<</Subtype/Type1/Type/Font/BaseFont/Helvetica/Encoding/WinAnsiEncoding>>\nendobj\n7 0 obj\n<</Kids[8 0 R]/Type/Pages/Count 1>>\nendobj\n9 0 obj\n<</Type/Catalog/Pages 7 0 R>>\nendobj\n10 0 obj\n<</ModDate(D:20250519131539-03\''00\'')/CreationDate(D:20250519131539-03\''00\'')/Producer(iText\xae 5.5.4 \xa92000-2014 iText Group NV \\(AGPL-version\\))>>\nendobj\nxref\n0 11\n0000000000 65535 f \n0000003635 00000 n \n0000000015 00000 n \n0000001306 00000 n \n0000003728 00000 n \n0000003824 00000 n \n0000002732 00000 n \n0000003912 00000 n \n0000003449 00000 n \n0000003963 00000 n \n0000004008 00000 n \ntrailer\n<</Info 10 0 R/ID [<ca7c9e89e30effc7ff07084d96695a6b><ca7c9e89e30effc7ff07084d96695a6b>]/Root 9 0 R/Size 11>>\n%iText-5.5.4\nstartxref\n4166\n%%EOF\n''', 'Principiante', '2025-05-20 19:44:42', '2025-05-20 19:44:42');
INSERT INTO rutinas (id_rutina, nombre, descripcion, documento_rutina, nivel_dificultad, fecha_creacion, fecha_horario) VALUES (3, 'Rutina de hombros', '4 dias a la semana', 'b''%PDF-1.4\n%\xe2\xe3\xcf\xd3\n2 0 obj\n<</ColorSpace/DeviceGray/Subtype/Image/Height 128/Filter/FlateDecode/Type/XObject/Width 128/Length 1134/BitsPerComponent 8>>stream\nx\x9c\xed\xdbyHTA\x1c\x07\xf0\xd9\n\x0f\x8a\xacD\xa3\xa0\xec0\xd3l\xcdN\xad\xec$(\x10\xca\x0e\x13#*\xecD\xa2\x9b\xe8\xbf\xee\xcb\xcc\xec\x96\x12\x12\xa1\xfc\xcb\x8e?\xea\x8f@\x92D:\xa0\xa2\xe3\x8f\xa0S\xbb\xf3h3\xc5\xd8\xeaM\xfb\xf6\x98y\xef\xcd\xdb\xd9}o\xdf\xcc\xfa\xc7|\xffr\xde\xfcf>\xb3\xbe\xdd\xd1\xb7\xbb\x0f\x00o\xa2\xb2\xcb\xea\xdetBFq6\xde\xab\xcc\xeb\r\xfc\xa6_I;+Z\xb1\x88\xca\xc1~\xf8\xcd\x0e\xf6\xba\x9c\xce\x03=t\xf4\xe8+|t95\xb1$\x7f\x9f\x1f\x0f\xe1\xebx\xad\xcf\xf1\xd1\xcb\xa9\x8f\xd0\x9c{\xbe<\x84\xe7\xd4\xcf|NO=\x9c\x7fv\xa5_\xc2\x9b\x87\xf0\x96\x82\x8f\xe2\xf0\xba\''\x92\x88\xfd\xec0\xf0p;\xf6\xcb\xc2\xe1\xd7b\xbf.\x1c~\x13\xf6\xdf\x84\xc3\x97\xf0\x16\xc0\xec/\x1e5\t\xc8\x0f\x0b\x0f\x93\x85\xdf\xd5\xfc_\xd7\x99\xe7\x0b\xcd\x7f\t\x98\xe7\xba\xf0\x85/|\xe1\x0b_\xf8\xc2\x17\xbe\xf0\xfd\xfaY\x15\xbed\xa3c\x9b*\x0c&\xd7\xbc\xbf\nu\xec\xd2\x19\x1fd\x8e\x08_\xf8\xc2\x17\xbeq?.\xd3\x97\x81\xe8XR\xa6\xc1\x0c2\xef\xb3\x88\xf0\x85/|\xe1\x07\xe3/s\xf8\xb2\x05\x1d\xbb\xec0\x98\xdd\xa4\xff\xe3q\xf5\x8d\''\xcd#\x03\xfa,\xf6\xffk\x0f6\xf6\xd7\xfeNx\xfa}\xb48g_/\xc2\x17~W\xf4Y\xec?F|V\x19\xb4\xb2hsF\xd8|\xdb\xd6\x0e\xd9\xaa\x8c\t\x8fo+\xf7b\xcf\xe2\xc2\xe1\xdb. \r-\x80\xa3oS~\xd6\xee[\x00G\xff\xac\xea\xb5\xe9]\x00?\xff\xb4fs\xf0,\x80\x9b_J\xecN\xee\x05p\xf3\xf7\x10\xbe{\x01\xfe\xfcP\xaf?\''\xd9\xb4\x0b\xd8K.\xe0i4\xab\xfd_\xda@\xfe\x06\xf6\x91e\xa5\x8c|i\xbd\xde)\xd8O\xd6\xc53\xf1\xd5|\x7ft*\x0e\x10\x95sY\xf8\xd2:\xe5LC\xde\x97\xa3\x05\x1c\xd4\x96\xe61\xf0\xa5\xb5\xca\x89\x866@x\x11-\xe0\x90\xa66\xd9z_Z\xa3\x9cgX\x83|\xec\x02Z\xc0aU\xed\xc3n\x96\xfb\x1a\xbe\xd1s\xb4\x0c-\xe0\x88\xa2\xf6w\xaa\xe5\xcf\x7fi\xb5r\x96\xe1\x8d\xbe\xe3\xe7\xd1\x02\x8aP\xads\xbe\xe5\xff\xffI\x05\xcaI\x12?\xe0\x1e\xfc\xad\xc3c>~\x01\xb0\xfc\xf3\x87e*\xfe\xa3rig\xd0\xf1b\x0f\x9f\x03(\xbe\x05\x19\xa1\xe2!<\x8dz\x8e\xcb\xfcB\xc0\xd6O\xfa\xa4=9\''Q_\t\xfc\xb3\x08\xb0\xf5\x93>\x93\xcf\x8eR\xd4{l1`\xeb\x8f\xd4\xe1!<A\xd41\xf2\x93\xbf\xe8\xf1\x10\x1e\xe7\xe3\xa7\xf8\xe1!,\xe6\xe1\xa7|\xf5\xc7CX\xc4\xde\x1fE\xe1!<\xca\xdaO\xfdF\xe3a\xc7p\xb6\xfe\xe8\xeft~\x96\xaa\xdar\xdfN\xe7\xdbg\xaa\xcb\xad\xf6\xedMt~\x86\xa6\xdeb?-\x00?];\xc0Z\x7fL3\x95\xff5\x8d\x18\xe1\xf4\xf55X\xc0\xa7\x07\xe0\xb3\xc8!\xe8\x1f\x14\xa8\xf7\xee\xa8\xb1\x8cm\xa1\xf2mSu\xc6\xdcC\xdd+B\xe5\xd3\x03\xf0S\xf4\x06U\xa2\xfe\x96\x81z\xfd\xc1\xa7\''\xfd\xab\xecm\x93uG\xe1\x0b\x00\xf8uq\xb7P\xfc\xe5T\xfeg\xa6\xfe\xa8\xdeNEQ[\xad\xd1\xaf\x14W\xe1\xcb\xdc*3\xbc\xf2\x04\x98\t\xbe\x95\xa4{\xab\xabY\x95\xb6\xba\xec\x91\x93,sd\xf8\xe3\xc1\xe0\x90\xee\x00(D\xf3L\x97\x9b\xf9\xf2OQ\x19\x1b_j\xf8I\x94\xf3F^\x94\x1a\x08\xbe\x91\xe0\xa8\xab\xf5\xb7\xaf\xb7\xa1\xbe\xd4\xff1\x91\xc2\x83\x1e5\xe6\xf9\xe7x\x9a\x17\xae\xe6]_#G\xc5O\xa0\xf1\x00\xc4\xbe6\xed\x1fF\x93$\xc8\xcd\x9d\xe8\xa4*jZ\xc7\xd3y\x00\xe2\xeb\xcd\xfaxC-\x94\x9b\xa3P\x13o\xc4\xad\xe3\x02\xf1\x00D\x9c\xfbg\x8ao\xe9\x8e\xa6\xb8\xe9j\xbe\xc33\xdeF%A\xf0\xae\xd8o\x99\xf1/\xa3\xf1\xd1\xf2\xab\x08_`\xa1\xab\xec\x96\xb1A\xf1\xae$n\xafm\x92\x0c\xfa\xf9h\xb4\xfb6\xaeyx6\xef\xb6\xda\x9c\x1e,\xefNDB\xb2\xa1D\xa2\x91\xe7]X;j\xc6\xe4^\xf5\xf0c\x0c\xf1!D~\x97\xa5s\xb6\xfb\xc7\x94\x1dw\xfex\x1e}S\x1a/\xde\xee\xf6:fG\xce=\x85\xff\n\xf2\xe3\xc1.\x8f\xd8\xa9\xbc\x99\xf0\xad=\xf08\xabB\xdcE\xd7V]\xd0\x8b\x1f\xdf\xef\xaf\n\x7fU:\''"\xf0 \x0b\xb3\x14\xdb\xce\x9amI\\m9\xeb\xbc\xf8\xb7KK(\xf7\x98\xb3\xcb\x00\x07\x84\xd2\xa3}\xe4{\xfe\xbc\xd2\xa7\xb0`\x80\xb9\x91\xff\x01J\x91\xdbt\nendstream\nendobj\n3 0 obj\n<</ColorSpace[/CalRGB<</Gamma[2.2 2.2 2.2]/WhitePoint[0.95043 1 1.09]/Matrix[0.41239 0.21264 0.01933 0.35758 0.71517 0.11919 0.18045 0.07218 0.9504]>>]/Intent/Perceptual/Subtype/Image/Height 128/Filter/FlateDecode/Type/XObject/Width 128/SMask 2 0 R/Length 1112/BitsPerComponent 8>>stream\nx\x9c\xed\x9dA\x8e\xa30\x10Es\x98^E\xea(@B\xc4.\x97\xe8\xfb_e\xac\xb6&B$\x94\x8br\xb9?\xc6\xff\xadfA\xcc\xaf\x07\x98\xc2!=\xa7\xd3*\xcf\xe7s\x18\x86\xbe\xef\x07\xb2B\xff\xcb\xe3\xf1X\xb7ha\x9a&j\xdfD\xd4\xe5"\x1f]J\xc5\x84\xa3\x10&\x8d\x9c\xd3\x1e]\xc1\x11\x18\xc7\x91\xf2\xb1\\.\x97\xad\xfe\xd1\x91\x0fE\x98\x88\xce\xe73\xe5c\xe1\xcc\x03G\xe3\x9f\xadf!\x82\xd8\xa4\xfc\xf8\x90E\n\x91<\x04\xe8\x80\xc7\x87\x93\x0f\x10\x9e\xffp\xe8\x1f\x8b\xfc \x80Nw|\xba\xae\xa3\x7f,\xf4\x8f\x85\xfe\xb1\xd0?\x16\xfa\xc7b\xf6/|\x90\xbc\xa0\x7f,\xf4\x8f\x85\xfe\xb1\xd0?\x16\xfa\xc7B\xffX\xe8\x1f\x0b\xfdc\xa1\x7f,\xf4\x8f\x85\xfe\xb1\xd0?\x16\xfa\xc7B\xffX\xe8\x1f\x0b\xfdc\xa1\x7f,\xf4\x8fe\x0f\xfe\xcbe@\xb1\x87\xda\xf5\x19\x92\xef\xf1\xe6\xe4\x87\xa0\xaf=g(\xaf\x0c\xf4o\x1b\xca+\x03\xfd\xdb\x86\xf2\xca@\xff\xb6\xa1\xbc2\xd0\xbfm(\xaf\x0c\xf4o\x1b\xca+\x03\xfd\xdb\x86\xf2\xca@\xff\xb6\xa1\xbc2\xd0\xbfm(\xaf\x0c]\xd7\xf5\xeb\xc8\xbf\xc1\x19\xc7Q\xf8,\x84\xfb\xfd\xae\xaf}\x0f\xfe[\x86\xfe\xb1\xd0?\x16\xfa\xc7B\xffX\xe8\x1f\x0b\xfdc\xa1\x7f,\xf4\x8fe\x0f\xfe\xe5qz\xf1\xcf\xe0$\xf3\xff=r\xe0d\xfe\xdb\xed\xd6\xff_\x90\t\xff6\xd7\xae\xcf\xd07\xbf\xfe\x13<\x1b\xfe\x10\xb4W\x86\x96\xfd_\xafW\xfd\xc6\x9bj\xd7\x8f\xd3\xb2\xff\x1c\xbc2\xd0\xbf\r\xaf\x0c\xf4o\xc3+\x03\xfd\xdb\xf0\xca@\xff6\xbc2\xd0\xbf\r\xaf\x0c\xf28\xc7~\xfe\xcaA\x8e\xf17\x19\x8e\xc4\xfd~\x1f~\x9f\xc5\x94\x02\xe9\xdf\x91\x97\xf6\xf9u$k\xa4\x7f/\x04\x8d\xc2\xeb\x1f\xf4\xef\x82\xacQ8\x04\xf4\x9fO\xb2\xf7\x13\x0e\x01\xfdg\xa21/\x1c\x02\xfa\xcfAy\xe6\x0b\x87\x80\xfe\xcdl5\xff\xf1\x10\xd0\xbf\x99\xf7n\xd3p\x08\xbc\xfc\xd7\xfe\xfe\xad\xfc-\xe1\x1af\xff\x81i\x9a\x1c\xfd\xf7\xf5\xaf\xff\x18\xfcg\x86\xa7\xff\x88\xed\xe4\xcf\xcf\x7f\xb9\\\xe4\rZ\xf0\xaf\x94/\x7f\xb7\x9e,\xff#9\xd2\x8e\xe1\xbf\xd7\xads^\xaf\xd7d\x15\x86\xdbq\xe3\xfe\x95\xf2C{\x80*\xe4\xd8\xfe5u\xc5\xf5d\xfd\x07\xf5{\x8fG??a\xa5\xfe\xcd\xf2\x07\xa7\xaf\x93\xe2O\xcc\xf2CV\xe7_y\xc3M\x8e#|6y/xe0\xef\xa2R\xffJ\xf9\xca~\xc6V\xd4<\x83y\xfc\xad\x0es>\xeb\x88\xa6\x16}3i{\xb7V_\xbb&\xed\xc1x\xb5\x9aJ6\xdd\x0b\xde7\xa6\xff9\x8bVS\x8f0\xe6\xebj\xfax\xa4\xe8\xff\x85Y~\xd2\xd5\xb0>S\xd1\x7f$g19Rb\x05\xd5\xbd\xcc}\x92i>\xc7\x18\xfd\xdb\x96\xce\xbc\xa45\xee\xdf]\xfe\xb0q"j\xd9\x7f\xd7u\xee\xf2#\xca\x95\xbdS\xc3\xfe\xd7\xd6v\x1c\xd1\xc4h\xd3\x7f~\xb7\xe3"\xff\xd4\xa4\xff\xd2\xe69\xff\x0b\x94\x96\xbf\xe9\x0f\x97%\xf3\x14\x92\x80\xa2D\xb73G~\xcd\xe6#\xed\xf8/\xd7\xedD\xf4=\xcf\x9cF\xfc\xef\xa4\xdbyG\x1e3\xe7\x97\xf5\xfb\xa1t\xb7\x93\xf3\xfaP\xb9\x91wB\xe93\x7f\xeb\rwA\xf2\x96d\xb8\xa7\xec\x87\xe4\x0bf\x99\xe4\xcb\xd1\xb4\x04\xf5^\x05E\x1b\x1e\xdb\rw\xc1\xe3\xf1\xd0\xef\xae\\-6\x92\x06\xcaev\x91_:did\t???\x8b\x8d\xe3{\xe6.\xf5z\xc9?\xa1_\x7f\xcdD\xa8k\xd1\xf0/f\xd1\xe7\xf39\xcc~(\xad\xa7\xc4l\\\xe9% \xdf\xfe\x16E}\x7f\x7f\x7f\xdcl\xd3\x1e3\xbb\x9d5\xe2\xc9P\x1drQ\xca\x8d\xf5\xbb+\xda\nf~\xfb\x0fA(G\x9e|\xe6(\xf7\xe5x\xc3]#t\xcbuMDB-\x8b-\xe5S7s_\x8e\x9c\xcf\xe7\x02\x9e\x8a\x10\xda\x1b\xbdR\xb9\xea\xe4\xbe\\\x1d\xa7\x19v\xd9\xed/\x10\xf2O\xd34\xdf29u\x08{\x01>{\xc6C\xb0\xcf\x03\xb1\xe9\xc5W\xf3cZ\xa1n\xc7@\x98\x97J\xaf\x9fo\xe2\xeb\xebKH\xab\xdfX\xd8E\xd5\x0b_X\x16&\xdf\xcf\xff\xe4E\xfd\x07\xdd\xceQY\xf3\x19\xae\x02\xe5\\J\xf99h\x0c\xcb\xa0+\xa8\x1b\x9b\xf3\xdb/\xe16\x87\x8e_7\x8b\xceSChr\xa8\xdd\x0b}\xb7<\x8e#:\xec\x01\x91\xfd\xdb\xfe\x8b\x04\xa2gM;:WC\xc4\x1f0\xc6/V\xd0Y\xd2\xfc\x03c\x07W\xb6\nendstream\nendobj\n6 0 obj\n<</Filter/FlateDecode/Length 650>>stream\nx\x9c\x95V\xdb\x8e\x9b0\x10}\xe7+\xe6a\x1f\xda\x87\x05\xdb\xf8F\xde\x9al\xb7R\xb5\x91\xba\xda\xa8\xef\x0ea\x13\xdaM\xac@\xd2\xdb\x8f\xf6+\xfa\x0f\x1dC\xb2\x1bb D\x11"\xf2\x9cs\xe60\x83\xc7l\x83-p\r\x04\x7fx\xe3\x82\x80R\x04\xd25D\xf9zI\xe1\xce\xc2c\xf0\x18l\x83\xf1,\x88%h"a\xb6\x08>\xcep\rW\xa2{\n\x8c\xc0\xec9\xa0\x95\x02\x85\n\x83+\xeb\xe0\xdd\xfb\xd97\x07<\xc0(?\x83)]\xc3\xbed\x8b|aG\xf0a>7\x97(\xf2@)\xec\x8f,[\xd8b\x04\x0fy\xb9305\xbfm\xe1\xfe]\x12\xe0\xb5\xc0}\x96\xae\xcc\x08h\x12\x11\x111\xd1d\xe9S\x12\xc7\xa2(!*\xd64/\xa1v[\x1e\x18\xdb\x80\x84J\xb0\x84\xc3\xf9\xbdX\xbarI\xcd!\x89q\t\xa8\x84"\x0b\x9e\xfb\xf0\x94%\x0e\xe98L\xd3\x90\r"qJ+\x06\x1d\x06w\x9e\xa4\xbe\xde\x13r\xae\xf4\x84\x8c\x81\x9e\x0e9\x84bW\xe6p\x8c\xd3\x1c\xee5e\xf09 \xf0\t\xa9\x02~\xb6\xb5\xe0\xe9\x10\xea\xaa\xf61\xee\x17\xf6\xe9D\xf4\xac\x86\xe7\xa2\xe7\xe5j\x886*s**X\xaf\xa8`=\xa2\x82u\x88\xe2\xd5\''\x8a\xe1nQ\x0c\xb6\x8b\xe2\x9e\xef\x13\xc5p\xb7(\x06\xdbEI\x7f\xa3H_\xa3HG\xa3\x84\xeem\x94\x0bw\x8a\xba`\xbb\xa8\xeam\x94\xf7"7DU\xb3Q\xd5\x18=\x0e\x1b\x11\x87\xcc\xbdu\xd2\x8d\x9bj\x8017\x8b\xdc\xbc[\xec\xd3\xdd\xeb\xd89\xa10\xceC|\xf8n\x8eO\xe1B\x84T\xb6R\xb24o!\xc4\x1a\xa4"5\x98\x1d\xc1\x13\xb3\xcb\x96\xb6\xf8g|<\x8di\xd51\x8f\xf3``\xb2_\xcf\x8b,\xba\xb3\x9b|c\xcah\\\xecS[\xf8\x12*\t\x05>\x15^\x95B|T\xa0\xdd\xd9<\xec8\xff\x93\xc2d\x95\x9b\xa8\xccJ\xb3\x06\xaa\xc8\x12\xfe\xe2y\xb5\x87\x1b\xcdIKaT\x1c&mJT\xe2\x99\x16\xe2\xb1v\xd3\xe9\x14k4\xd8\xa9\x87uNm\xba\xb2x\x8e\xed\xb2\xc2\xd6N\x7f\xd5N\x15\xedq\xeag\xe5\xec\x92S\xc6\x86;\xf5\xb0\xd3\x10&\xd6~\xc7\x83p\xb2\n\x81\x8a7\x9fI_E\xfd\x9c\xfabE\x89\x1c\xee\xd3\xc3\xbe\xf9\xfc\xda\xb4\xa9Y\x8fM?\xa5\xe4\x17l\x8a\x84\x0c\xb6\xe9c\xa7fa^\xb2\x8dAo\x95E\xca\xd0"\xe5I\xb7\xc7\x96|\nk\xd9\xe1\xf1\x98X\xf1\xb3\xad>\xb3;\xf3\xd2\x9d\xc4\xc3\xe3~i&\xd96\x86\x90\x96\xa1\x8e\xdd\x07V\xd3\xda-\xc6n\x0f\x84\xc7\xe0?\x17\x984\x15\nendstream\nendobj\n8 0 obj\n<</Contents 6 0 R/Type/Page/ArtBox[36 54 559 788]/Resources<</Font<</F1 1 0 R/F2 4 0 R/F3 5 0 R>>/XObject<</img1 3 0 R/img0 2 0 R>>>>/Parent 7 0 R/MediaBox[0 0 595 842]>>\nendobj\n1 0 obj\n<</Subtype/Type1/Type/Font/BaseFont/Helvetica-Bold/Encoding/WinAnsiEncoding>>\nendobj\n4 0 obj\n<</Subtype/Type1/Type/Font/BaseFont/Helvetica-Oblique/Encoding/WinAnsiEncoding>>\nendobj\n5 0 obj\n<</Subtype/Type1/Type/Font/BaseFont/Helvetica/Encoding/WinAnsiEncoding>>\nendobj\n7 0 obj\n<</Kids[8 0 R]/Type/Pages/Count 1>>\nendobj\n9 0 obj\n<</Type/Catalog/Pages 7 0 R>>\nendobj\n10 0 obj\n<</ModDate(D:20250519131539-03\''00\'')/CreationDate(D:20250519131539-03\''00\'')/Producer(iText\xae 5.5.4 \xa92000-2014 iText Group NV \\(AGPL-version\\))>>\nendobj\nxref\n0 11\n0000000000 65535 f \n0000003635 00000 n \n0000000015 00000 n \n0000001306 00000 n \n0000003728 00000 n \n0000003824 00000 n \n0000002732 00000 n \n0000003912 00000 n \n0000003449 00000 n \n0000003963 00000 n \n0000004008 00000 n \ntrailer\n<</Info 10 0 R/ID [<ca7c9e89e30effc7ff07084d96695a6b><ca7c9e89e30effc7ff07084d96695a6b>]/Root 9 0 R/Size 11>>\n%iText-5.5.4\nstartxref\n4166\n%%EOF\n''', 'Intermedio', '2025-05-20 19:52:12', '2025-05-20 19:52:12');

-- Estructura de la tabla usuarios
CREATE TABLE IF NOT EXISTS `usuarios` (
  `id_usuario` int NOT NULL AUTO_INCREMENT,
  `nombre` varchar(50) NOT NULL,
  `apellido` varchar(50) NOT NULL,
  `rol` varchar(20) NOT NULL,
  `contraseña` varchar(100) NOT NULL,
  `estado` tinyint(1) NOT NULL,
  PRIMARY KEY (`id_usuario`)
) ENGINE=InnoDB AUTO_INCREMENT=7 DEFAULT CHARSET=utf8mb4 COLLATE=utf8mb4_0900_ai_ci;

-- Datos de la tabla usuarios
INSERT INTO usuarios (id_usuario, nombre, apellido, rol, contraseña, estado) VALUES (2, 'admin', 'admin', 'admin', '$2b$12$CdJh3d9p9Y12E/JH2USwq.W5lGY8PSfmvYWms2.gyj8ncsjb7Lvrq', 1);
INSERT INTO usuarios (id_usuario, nombre, apellido, rol, contraseña, estado) VALUES (3, 'juampi', 'soperez', 'user', '$2b$12$KxvdCpHk7tF3aL3uou390.u3G3UJANuOmPo0TGFAZP7XfxFKprX7y', 1);
INSERT INTO usuarios (id_usuario, nombre, apellido, rol, contraseña, estado) VALUES (4, 'yoel', 'junges', 'user', '$2b$12$rZy4hVTkapC4o3m3kXcHBuYVagiJU1xsAiE4hw/a9JrCewwoai40y', 1);
INSERT INTO usuarios (id_usuario, nombre, apellido, rol, contraseña, estado) VALUES (5, 'facu', 'abba', 'user', '$2b$12$Yxl6WAr1F3OCymDWLqkHM.PlE6e6WCMDqJLOVGE.4i614t.P1P1v2', 0);
INSERT INTO usuarios (id_usuario, nombre, apellido, rol, contraseña, estado) VALUES (6, 'probando', 'probando', 'user', '$2b$12$sWMJbq6CuBIvCp5w9pekReUYCTeiZW4oDe3/0jW34ERsbdj8ksmea', 1);

